-- phpMyAdmin SQL Dump
-- version 4.7.0
-- https://www.phpmyadmin.net/
--
-- Host: 127.0.0.1
-- Generation Time: Sep 07, 2018 at 06:53 PM
-- Server version: 10.1.22-MariaDB
-- PHP Version: 7.1.4

SET SQL_MODE = "NO_AUTO_VALUE_ON_ZERO";
SET AUTOCOMMIT = 0;
START TRANSACTION;
SET time_zone = "+00:00";


/*!40101 SET @OLD_CHARACTER_SET_CLIENT=@@CHARACTER_SET_CLIENT */;
/*!40101 SET @OLD_CHARACTER_SET_RESULTS=@@CHARACTER_SET_RESULTS */;
/*!40101 SET @OLD_COLLATION_CONNECTION=@@COLLATION_CONNECTION */;
/*!40101 SET NAMES utf8mb4 */;

--
-- Database: `bdsamii`
--

-- --------------------------------------------------------

--
-- Table structure for table `comunidades`
--

CREATE TABLE `comunidades` (
  `cmnId` int(11) NOT NULL,
  `cmn` varchar(50) COLLATE utf8_spanish_ci NOT NULL,
  `cmnEst` int(1) NOT NULL DEFAULT '1'
) ENGINE=InnoDB DEFAULT CHARSET=utf8 COLLATE=utf8_spanish_ci;

--
-- Dumping data for table `comunidades`
--

INSERT INTO `comunidades` (`cmnId`, `cmn`, `cmnEst`) VALUES
(1, 'Base', 1),
(2, 'Sin Definir', 1),
(3, 'San Bernardo', 1),
(4, 'Hijos Ganaderos', 1),
(5, 'Portugal', 1);

-- --------------------------------------------------------

--
-- Table structure for table `preguntas`
--

CREATE TABLE `preguntas` (
  `prgid` int(11) NOT NULL,
  `sccid` int(1) NOT NULL,
  `prg` varchar(200) COLLATE utf8_spanish_ci NOT NULL,
  `rspcrr` int(1) NOT NULL
) ENGINE=InnoDB DEFAULT CHARSET=utf8 COLLATE=utf8_spanish_ci;

--
-- Dumping data for table `preguntas`
--

INSERT INTO `preguntas` (`prgid`, `sccid`, `prg`, `rspcrr`) VALUES
(1, 3, 'Escoja la raza mas productora de Leche...', 3),
(2, 3, 'Escoja la raza mas productora de Carne...', 1),
(3, 2, 'Cuál definición corresponde con una herramienta de TIC que permite la tabulación de datos y la gener', 3),
(4, 5, '¿Cuál clasificación de animales no debería considerarse en un sistema de producción bovina de Leche?', 4),
(5, 5, '¿Cuál clasificación de animales  debería considerarse en un sistema de producción bovina de Ceba?', 2),
(6, 6, 'No es un beneficio de tomar decisiones a partir de la información que suministra un DSS:', 1),
(7, 1, 'Seleccione el sector que no hace parte de la producción agroindustrial', 3),
(8, 4, 'La cantidad promedio de pasto en porcentaje con respecto al peso del animal que se debe suministrar a un bovino adulto es:', 2);

-- --------------------------------------------------------

--
-- Table structure for table `pruebas`
--

CREATE TABLE `pruebas` (
  `idprueba` int(1) NOT NULL,
  `fecha` datetime NOT NULL,
  `idusuario` int(11) NOT NULL,
  `pregunta` int(11) NOT NULL,
  `valor` int(11) NOT NULL DEFAULT '0'
) ENGINE=InnoDB DEFAULT CHARSET=utf8 COLLATE=utf8_spanish_ci;

--
-- Dumping data for table `pruebas`
--

INSERT INTO `pruebas` (`idprueba`, `fecha`, `idusuario`, `pregunta`, `valor`) VALUES
(1, '2018-04-23 00:00:00', 1, 1, 5),
(2, '2018-04-23 00:00:00', 2, 2, 0),
(3, '2018-04-24 22:23:08', 2, 7, 5),
(4, '2018-04-24 22:23:15', 2, 7, 0),
(5, '2018-04-24 23:26:32', 1, 1, 0),
(6, '2018-04-24 23:26:32', 1, 2, 0),
(7, '2018-04-24 23:26:40', 1, 4, 0),
(8, '2018-04-24 23:26:40', 1, 5, 5),
(9, '2018-04-24 23:30:34', 1, 7, 0),
(10, '2018-04-24 23:31:07', 1, 7, 0),
(11, '2018-04-24 23:31:15', 1, 7, 0),
(12, '2018-04-24 23:31:33', 1, 7, 0),
(13, '2018-04-24 23:31:57', 1, 7, 0),
(14, '2018-04-24 23:32:31', 1, 3, 5),
(15, '2018-04-24 23:33:43', 1, 6, 0),
(16, '2018-04-24 23:34:10', 1, 6, 5),
(17, '2018-04-24 23:37:00', 1, 7, 0),
(18, '2018-04-24 23:38:23', 1, 8, 0),
(19, '2018-04-24 23:43:24', 1, 8, 0),
(20, '2018-04-24 23:43:51', 1, 6, 5),
(21, '2018-04-24 23:44:08', 1, 6, 0),
(22, '2018-04-24 23:44:20', 1, 6, 0),
(23, '2018-04-24 23:45:32', 1, 6, 0),
(24, '2018-04-24 23:45:54', 1, 7, 0),
(25, '2018-04-24 23:46:03', 1, 7, 5),
(26, '2018-04-26 01:25:07', 4, 3, 5),
(27, '2018-05-09 00:34:23', 26, 7, 0),
(28, '2018-05-09 00:34:30', 26, 3, 0),
(29, '2018-05-09 00:34:51', 26, 1, 5),
(30, '2018-05-09 00:34:51', 26, 2, 5),
(31, '2018-05-09 00:35:04', 26, 8, 0),
(32, '2018-05-09 00:35:16', 26, 4, 0),
(33, '2018-05-09 00:35:16', 26, 5, 0),
(34, '2018-05-09 00:35:25', 26, 6, 0),
(35, '2018-06-03 20:44:06', 25, 7, 5);

-- --------------------------------------------------------

--
-- Table structure for table `respuestas`
--

CREATE TABLE `respuestas` (
  `rspid` int(11) NOT NULL,
  `prgid` int(11) NOT NULL,
  `a` varchar(100) COLLATE utf8_spanish_ci NOT NULL,
  `b` varchar(100) COLLATE utf8_spanish_ci NOT NULL,
  `c` varchar(100) COLLATE utf8_spanish_ci NOT NULL,
  `d` varchar(100) COLLATE utf8_spanish_ci NOT NULL
) ENGINE=InnoDB DEFAULT CHARSET=utf8 COLLATE=utf8_spanish_ci;

--
-- Dumping data for table `respuestas`
--

INSERT INTO `respuestas` (`rspid`, `prgid`, `a`, `b`, `c`, `d`) VALUES
(1, 1, 'Cebú Gyr', 'Brahman Rojo', 'Holstein', '-'),
(2, 2, 'Cebú Gyr', 'Brahman Rojo', 'Holstein', ''),
(3, 3, 'Whatsapp', 'Facebook', 'Excel', 'Skype'),
(4, 4, 'Vacas Preñadas', 'Vacas Preñadas Lactantes', 'Terneros y Terneras', 'Vacas  Vacoas en Edad reproductiva'),
(5, 5, 'Vacas preñadas', 'Novillos y Novillas', 'Terneros y terneras', 'Vacas preñadas lactantes'),
(6, 7, 'Forestal', 'Natural', 'Minero', 'Bilógico'),
(7, 8, '20', '10', '30', '15'),
(8, 6, 'x', 'y', 'z', 'aa');

-- --------------------------------------------------------

--
-- Table structure for table `secciones`
--

CREATE TABLE `secciones` (
  `sccid` int(1) NOT NULL,
  `scc` varchar(100) COLLATE utf8_spanish_ci NOT NULL,
  `sccEst` int(1) NOT NULL,
  `sccDsc` text COLLATE utf8_spanish_ci NOT NULL
) ENGINE=InnoDB DEFAULT CHARSET=utf8 COLLATE=utf8_spanish_ci;

--
-- Dumping data for table `secciones`
--

INSERT INTO `secciones` (`sccid`, `scc`, `sccEst`, `sccDsc`) VALUES
(1, 'Ganadería', 1, 'Un sistema de producción bovina requiere el control de varios factores importantes tales como la cantidad de recursos disponibles que se agrupan según aspectos demográficos o etarios, biofísicos, productivos y financieros junto con el estado de los diferentes mercados relacionados, entre otros (Gómez, Andrade, & Vásquez, 2015) cuyas relaciones generan complejidades que deben ser comprendidas para proponer y ejecutar estrategias para su mejora (Phillips, 2003).'),
(2, 'TIC', 1, '0'),
(3, 'Modelo', 1, 'La DS es una metodología para representar sistemas mediante modelos de simulación que permiten observar su comportamiento en diferentes circunstancias (Andrade, Dyner, Espinosa, López & Sotaquirá, 2001). La DS funciona bajo la suposición de que los fenómenos se pueden estudiar como sistemas dinámicos, explicar y comprender haciendo experimentos de diferentes situaciones. Un modelo con DS muestra las relaciones existentes que pueden existir entre las variables y utiliza cinco lenguajes para representarlos'),
(4, 'Papel', 1, ''),
(5, 'VS', 1, 'Shell (2014) define los videojuegos como un instrumento interactivo orientado al entretenimiento, que mediante controles permite simular experiencias en un dispositivo electrónico y en el caso de los videojuegos serios, estos tienen el valor agregado de ser diseñados con un propósito principal más allá de la pura diversión.'),
(6, 'DSS', 0, 'Pressman (2014) define los sistemas de información (SI) como un conjunto de varios componentes orientados a la gestión de datos e información, organizados para su uso y que fue generado para un objetivo. En el caso de los DSS, son una especialización de los SI, ya que adicional a generar información con los datos, buscan dar alternativas de decisión a determinados problemas. Los SI y DSS se desarrollan llevando a cabo un ciclo de vida específico que incluye, en síntesis, las fases de comprensión del fenómeno, análisis, diseño, implementación, validación y despliegue y transición, fases orientadas por el control de versiones debido a actualizaciones o mejoras.');

-- --------------------------------------------------------

--
-- Table structure for table `usos`
--

CREATE TABLE `usos` (
  `usoId` int(11) NOT NULL,
  `usrid` int(11) NOT NULL,
  `fecha` datetime NOT NULL,
  `registros` int(11) NOT NULL,
  `cmd` int(11) NOT NULL DEFAULT '1'
) ENGINE=InnoDB DEFAULT CHARSET=utf8 COLLATE=utf8_spanish_ci;

--
-- Dumping data for table `usos`
--

INSERT INTO `usos` (`usoId`, `usrid`, `fecha`, `registros`, `cmd`) VALUES
(1, 10, '2018-03-17 00:00:00', 2, 4),
(2, 11, '2018-03-17 00:00:00', 1, 4),
(3, 12, '2018-03-17 00:00:00', 2, 4),
(4, 3, '2018-03-19 00:00:00', 1, 3),
(5, 2, '2018-03-19 00:00:00', 1, 3),
(6, 4, '2018-03-25 00:00:00', 1, 3),
(7, 5, '2018-03-25 00:00:00', 1, 3),
(8, 3, '2018-03-25 00:00:00', 1, 3),
(9, 5, '2018-03-25 00:00:00', 1, 3),
(10, 4, '2018-03-31 00:00:00', 1, 3),
(11, 3, '2018-03-31 00:00:00', 1, 3),
(12, 4, '2018-03-31 00:00:00', 1, 3),
(13, 2, '2018-04-08 00:00:00', 1, 3),
(14, 11, '2018-04-13 00:00:00', 1, 4),
(15, 10, '2018-04-13 00:00:00', 1, 4),
(16, 10, '2018-04-17 13:07:47', 1, 4),
(17, 1, '2018-04-17 13:08:54', 1, 1),
(18, 11, '2018-04-17 13:11:58', 1, 4),
(19, 2, '2018-04-22 07:14:43', 1, 3),
(20, 3, '2018-04-22 07:35:32', 1, 3),
(21, 2, '2018-04-26 13:28:07', 1, 3),
(22, 10, '2018-04-26 13:36:46', 1, 4),
(23, 3, '2018-04-26 13:40:26', 1, 3),
(26, 4, '2018-04-26 13:44:18', 1, 3),
(27, 10, '2018-04-26 13:45:27', 1, 4),
(28, 11, '2018-04-26 13:47:13', 1, 4),
(29, 1, '2018-04-26 13:51:08', 1, 1),
(30, 12, '2018-04-26 13:53:02', 1, 4),
(31, 20, '2018-05-15 10:59:29', 1, 5),
(32, 21, '2018-05-15 10:59:31', 1, 5),
(33, 22, '2018-05-15 10:59:35', 1, 5),
(34, 23, '2018-05-15 10:59:41', 1, 5),
(35, 1, '2018-04-26 20:35:54', 1, 1),
(36, 1, '2018-04-26 20:38:07', 1, 1),
(37, 1, '2018-04-26 20:43:24', 1, 1),
(38, 1, '2018-04-30 16:27:39', 1, 1),
(39, 1, '2018-04-30 16:34:18', 1, 1),
(40, 1, '2018-04-30 16:34:48', 1, 1),
(41, 1, '2018-04-30 16:46:41', 1, 1),
(42, 24, '2018-04-30 17:26:10', 1, 5),
(43, 25, '2018-04-30 17:28:35', 1, 5),
(44, 26, '2018-04-30 17:31:20', 1, 5),
(45, 1, '2018-05-01 11:33:36', 1, 1),
(46, 1, '2018-05-02 09:18:05', 1, 1),
(47, 1, '2018-05-02 15:45:31', 1, 1),
(48, 1, '2018-05-03 12:33:18', 1, 1),
(49, 23, '2018-05-29 12:34:29', 1, 5),
(50, 22, '2018-05-29 12:34:38', 1, 5),
(51, 20, '2018-05-29 12:34:44', 1, 5),
(52, 26, '2018-05-29 12:34:46', 1, 5),
(53, 22, '2018-05-29 12:35:59', 1, 5),
(54, 23, '2018-05-29 12:43:04', 1, 5),
(55, 1, '2018-05-03 12:54:13', 1, 1),
(56, 10, '2018-05-04 12:56:29', 1, 4),
(57, 11, '2018-05-04 12:56:51', 1, 4),
(58, 12, '2018-05-04 12:57:58', 1, 4),
(59, 1, '2018-05-05 23:13:35', 1, 1),
(60, 1, '2018-05-07 14:48:59', 1, 1),
(61, 1, '2018-05-07 15:57:17', 1, 1),
(62, 26, '2018-05-07 17:15:51', 1, 5),
(63, 3, '2018-05-07 17:59:48', 1, 3),
(64, 1, '2018-05-07 19:59:53', 1, 1),
(65, 1, '2018-05-07 21:58:21', 1, 1),
(66, 1, '2018-05-08 11:46:11', 1, 1),
(67, 1, '2018-05-08 12:53:25', 1, 1),
(68, 1, '2018-05-08 16:52:42', 1, 1),
(69, 26, '2018-05-08 17:34:10', 1, 5),
(70, 1, '2018-05-09 09:16:05', 1, 1),
(71, 1, '2018-05-09 10:19:45', 1, 1),
(72, 1, '2018-05-09 12:46:05', 1, 1),
(73, 1, '2018-05-09 12:47:49', 1, 1),
(74, 1, '2018-05-09 13:05:52', 1, 1),
(75, 3, '2018-05-09 14:25:38', 1, 3),
(76, 2, '2018-05-09 14:25:51', 1, 3),
(77, 4, '2018-05-09 14:26:08', 1, 3),
(78, 5, '2018-05-09 14:26:30', 1, 3),
(79, 1, '2018-05-09 14:39:25', 1, 1),
(80, 1, '2018-05-09 18:55:30', 1, 1),
(81, 1, '2018-05-10 07:10:25', 1, 1),
(82, 1, '2018-05-10 09:30:52', 1, 1),
(83, 1, '2018-05-10 09:31:58', 1, 1),
(84, 12, '2018-05-10 09:50:54', 1, 4),
(85, 10, '2018-05-10 09:51:03', 1, 4),
(86, 11, '2018-05-10 09:51:12', 1, 4),
(87, 1, '2018-05-10 13:52:19', 1, 1),
(88, 1, '2018-05-10 17:43:26', 1, 1),
(89, 1, '2018-05-12 15:28:46', 1, 1),
(90, 1, '2018-05-12 16:33:30', 1, 1),
(91, 1, '2018-05-15 08:27:08', 1, 1),
(92, 1, '2018-05-15 08:28:51', 1, 1),
(93, 1, '2018-05-15 12:15:23', 1, 1),
(94, 1, '2018-05-17 15:50:26', 1, 1),
(95, 1, '2018-05-17 16:35:36', 1, 1),
(96, 1, '2018-05-17 17:44:11', 1, 1),
(97, 3, '2018-05-17 17:44:22', 1, 3),
(98, 1, '2018-05-17 17:44:33', 1, 1),
(99, 2, '2018-05-17 17:44:48', 1, 3),
(100, 4, '2018-05-17 17:44:57', 1, 3),
(101, 5, '2018-05-17 17:45:12', 1, 3),
(102, 4, '2018-05-17 17:47:18', 1, 3),
(103, 3, '2018-05-17 17:47:46', 1, 3),
(104, 2, '2018-05-17 17:48:14', 1, 3),
(105, 1, '2018-05-17 17:51:23', 1, 1),
(106, 1, '2018-05-19 06:18:52', 1, 1),
(107, 1, '2018-05-21 10:48:45', 1, 1),
(108, 1, '2018-05-21 17:31:12', 1, 1),
(109, 1, '2018-05-21 18:41:48', 1, 1),
(110, 1, '2018-05-21 06:56:52', 1, 1),
(111, 3, '2018-05-21 15:56:18', 1, 3),
(112, 2, '2018-05-21 16:00:33', 1, 3),
(113, 6, '2018-05-21 16:00:58', 1, 3),
(114, 6, '2018-05-22 16:34:05', 1, 3),
(115, 10, '2018-05-22 16:35:40', 1, 4),
(116, 12, '2018-05-22 16:36:00', 1, 4),
(117, 11, '2018-05-22 16:36:32', 1, 4),
(118, 20, '2018-05-22 16:38:34', 1, 5),
(119, 21, '2018-05-22 16:39:01', 1, 5),
(120, 26, '2018-05-22 16:48:29', 1, 5),
(121, 26, '2018-05-22 16:49:17', 1, 5),
(122, 1, '2018-05-22 16:50:04', 1, 1),
(123, 1, '2018-05-23 10:25:48', 1, 1),
(124, 1, '2018-05-23 11:14:36', 1, 1),
(125, 1, '2018-05-28 09:49:31', 1, 1),
(126, 1, '2018-05-30 15:43:54', 1, 1),
(127, 3, '2018-05-30 15:48:47', 1, 3),
(128, 2, '2018-05-30 15:49:16', 1, 3),
(129, 5, '2018-05-30 15:49:47', 1, 3),
(130, 4, '2018-05-30 15:50:10', 1, 3),
(131, 1, '2018-05-30 19:43:39', 1, 1),
(132, 1, '2018-06-01 16:14:31', 1, 1),
(133, 1, '2018-06-02 07:46:06', 1, 1),
(134, 1, '2018-06-02 07:55:24', 1, 1),
(135, 25, '2018-06-02 09:35:11', 1, 5),
(136, 25, '2018-06-03 10:03:17', 1, 5),
(137, 25, '2018-06-03 10:22:30', 1, 5),
(138, 1, '2018-06-03 11:38:26', 1, 1),
(139, 1, '2018-06-03 12:07:15', 1, 1),
(140, 25, '2018-06-03 13:40:23', 1, 5),
(141, 25, '2018-06-03 14:45:57', 1, 5),
(142, 1, '2018-06-03 16:18:25', 1, 1),
(143, 1, '2018-06-03 16:41:22', 1, 1),
(144, 1, '2018-06-03 18:08:40', 1, 1),
(145, 1, '2018-06-05 07:17:03', 1, 1),
(146, 1, '2018-06-08 14:26:00', 1, 1),
(147, 1, '2018-06-08 17:00:42', 1, 1),
(148, 25, '2018-06-08 19:16:09', 1, 5),
(149, 3, '2018-06-08 19:16:24', 1, 3),
(150, 2, '2018-06-08 19:16:33', 1, 3),
(151, 5, '2018-06-08 19:16:48', 1, 3),
(152, 4, '2018-06-08 19:17:01', 1, 3),
(153, 1, '2018-06-08 19:17:12', 1, 1),
(154, 21, '2018-06-08 19:17:53', 1, 5),
(155, 2, '2018-06-13 16:48:31', 1, 3),
(156, 3, '2018-06-13 16:48:44', 1, 3),
(157, 4, '2018-06-13 16:48:56', 1, 3),
(158, 21, '2018-06-13 17:04:39', 1, 5),
(159, 10, '2018-06-13 17:04:56', 1, 4),
(160, 11, '2018-06-13 17:05:05', 1, 4),
(161, 12, '2018-06-13 17:05:16', 1, 4),
(162, 25, '2018-06-13 17:05:57', 1, 5),
(163, 24, '2018-06-13 17:06:10', 1, 5),
(164, 23, '2018-06-13 17:06:27', 1, 5),
(165, 1, '2018-06-17 16:37:17', 1, 1),
(166, 5, '2018-06-17 16:44:01', 1, 3),
(167, 3, '2018-06-17 16:45:30', 1, 3),
(168, 2, '2018-06-17 16:46:29', 1, 3),
(169, 24, '2018-06-17 13:54:01', 1, 3),
(170, 25, '2018-06-17 13:54:13', 1, 5),
(171, 26, '2018-06-17 13:54:23', 1, 5),
(172, 21, '2018-06-17 13:54:40', 1, 5),
(173, 1, '2018-06-22 17:57:36', 1, 1),
(174, 3, '2018-06-22 17:57:47', 1, 3),
(175, 2, '2018-06-22 17:58:16', 1, 3),
(176, 5, '2018-06-22 17:58:28', 1, 3),
(177, 25, '2018-06-18 18:12:35', 1, 5),
(178, 25, '2018-06-22 18:13:08', 1, 5),
(179, 25, '2018-06-22 18:14:46', 1, 5),
(180, 21, '2018-06-22 18:19:15', 1, 5),
(181, 1, '2018-06-22 18:40:51', 1, 1),
(182, 21, '2018-06-23 08:37:38', 1, 5),
(183, 25, '2018-06-23 08:38:33', 1, 5),
(184, 10, '2018-06-23 08:44:27', 1, 4),
(185, 11, '2018-06-23 08:46:08', 1, 4),
(186, 12, '2018-06-23 08:47:22', 1, 4),
(187, 1, '2018-06-23 11:10:42', 1, 1),
(188, 25, '2018-06-24 06:41:03', 1, 5),
(189, 1, '2018-06-24 18:17:12', 1, 1),
(190, 21, '2018-06-24 18:17:34', 1, 5),
(191, 3, '2018-06-24 18:18:46', 1, 3),
(192, 2, '2018-06-24 18:28:37', 1, 3),
(193, 5, '2018-06-24 18:29:03', 1, 3),
(194, 3, '2018-06-25 07:18:43', 1, 3),
(195, 2, '2018-06-25 07:19:24', 1, 3),
(196, 5, '2018-06-25 07:28:44', 1, 3),
(197, 25, '2018-06-25 10:10:17', 1, 5),
(198, 1, '2018-06-25 10:46:32', 1, 1),
(199, 3, '2018-06-25 10:47:18', 1, 3),
(200, 2, '2018-06-25 10:50:42', 1, 3),
(201, 5, '2018-06-25 10:52:27', 1, 3),
(202, 3, '2018-06-25 10:53:53', 1, 3),
(203, 1, '2018-06-25 11:21:47', 1, 1),
(204, 21, '2018-06-26 09:52:39', 1, 5),
(205, 25, '2018-06-26 09:53:35', 1, 5),
(206, 1, '2018-06-26 09:54:42', 1, 1),
(207, 26, '2018-06-26 09:55:41', 1, 5),
(208, 3, '2018-06-26 09:56:12', 1, 3),
(209, 2, '2018-06-26 09:56:45', 1, 3),
(210, 5, '2018-06-26 09:57:13', 1, 3),
(211, 10, '2018-06-26 09:58:53', 1, 4),
(212, 11, '2018-06-26 09:59:17', 1, 4),
(213, 12, '2018-06-26 10:04:36', 1, 4),
(214, 5, '2018-06-27 18:50:17', 1, 3),
(215, 3, '2018-06-27 18:51:15', 1, 3),
(216, 2, '2018-06-27 18:52:03', 1, 3),
(217, 25, '2018-06-27 18:52:46', 1, 5),
(218, 3, '2018-06-28 07:31:42', 1, 3),
(219, 2, '2018-06-28 13:43:48', 1, 3),
(220, 5, '2018-06-28 13:55:17', 1, 3),
(221, 21, '2018-06-28 13:55:46', 1, 5),
(222, 25, '2018-06-28 13:56:10', 1, 5),
(223, 1, '2018-06-29 14:26:43', 1, 1),
(224, 3, '2018-06-29 14:28:09', 1, 3),
(225, 1, '2018-06-30 22:00:56', 1, 1),
(226, 25, '2018-06-30 22:01:59', 1, 5),
(227, 3, '2018-07-01 04:23:03', 1, 3),
(228, 5, '2018-07-01 04:25:24', 1, 3),
(229, 2, '2018-07-01 04:27:29', 1, 3),
(230, 2, '2018-07-02 11:53:35', 1, 3),
(231, 25, '2018-07-02 11:54:22', 1, 5),
(232, 3, '2018-07-03 11:56:39', 1, 3),
(233, 5, '2018-07-03 11:57:21', 1, 3),
(234, 2, '2018-07-03 11:58:03', 1, 3),
(235, 25, '2018-07-03 11:58:39', 1, 5),
(236, 21, '2018-07-03 11:59:35', 1, 5),
(237, 26, '2018-07-03 11:59:56', 1, 5),
(238, 1, '2018-07-03 12:00:19', 1, 1),
(239, 21, '2018-07-03 12:03:48', 1, 5),
(240, 21, '2018-07-04 11:10:14', 1, 5),
(241, 25, '2018-07-04 11:11:32', 1, 5),
(242, 3, '2018-07-04 11:12:42', 1, 3),
(243, 2, '2018-07-04 11:13:40', 1, 3),
(244, 10, '2018-07-05 06:19:17', 1, 4),
(245, 1, '2018-07-09 10:20:47', 1, 1),
(246, 3, '2018-07-09 10:21:21', 1, 3),
(247, 21, '2018-07-09 10:22:18', 1, 5),
(248, 25, '2018-07-09 10:22:56', 1, 5),
(249, 5, '2018-07-09 10:23:46', 1, 3),
(250, 10, '2018-07-09 10:25:08', 1, 4),
(251, 3, '2018-07-10 08:29:45', 1, 3),
(252, 2, '2018-07-10 08:30:48', 1, 3),
(253, 5, '2018-07-10 08:31:32', 1, 3),
(254, 21, '2018-07-10 08:32:15', 1, 5),
(255, 25, '2018-07-10 08:32:58', 1, 5),
(256, 26, '2018-07-10 08:36:49', 1, 5),
(257, 11, '2018-07-11 11:06:45', 1, 4),
(258, 5, '2018-07-11 11:07:24', 1, 3),
(259, 2, '2018-07-11 11:08:13', 1, 3),
(260, 3, '2018-07-11 11:12:22', 1, 3),
(261, 3, '2018-07-12 06:59:14', 1, 3),
(262, 2, '2018-07-12 07:00:19', 1, 3),
(263, 21, '2018-07-12 07:01:13', 1, 5),
(264, 25, '2018-07-12 07:02:07', 1, 5),
(265, 26, '2018-07-12 07:03:29', 1, 5),
(266, 1, '2018-07-12 09:29:04', 1, 1),
(267, 3, '2018-07-13 18:14:12', 1, 3),
(268, 2, '2018-07-13 18:14:57', 1, 3),
(269, 5, '2018-07-13 18:15:34', 1, 3),
(270, 25, '2018-07-13 18:16:29', 1, 5),
(271, 3, '2018-07-14 20:06:34', 1, 3),
(272, 5, '2018-07-14 20:07:46', 1, 3),
(273, 2, '2018-07-14 20:09:09', 1, 3),
(274, 25, '2018-07-14 20:09:52', 1, 5),
(275, 3, '2018-07-15 10:44:14', 1, 3),
(276, 25, '2018-07-15 10:45:19', 1, 5),
(277, 5, '2018-07-15 10:47:14', 1, 3),
(278, 26, '2018-07-16 09:15:38', 1, 5),
(279, 3, '2018-07-16 09:16:49', 1, 3),
(280, 2, '2018-07-16 09:17:29', 1, 3),
(281, 11, '2018-07-16 09:18:29', 1, 4),
(282, 2, '2018-07-16 09:19:07', 1, 3),
(283, 3, '2018-07-18 20:58:50', 1, 3),
(284, 5, '2018-07-18 20:59:34', 1, 3),
(285, 5, '2018-07-18 20:59:51', 1, 3),
(286, 26, '2018-07-18 21:00:37', 1, 5),
(287, 25, '2018-07-18 21:01:08', 1, 5),
(288, 3, '2018-07-19 15:00:55', 1, 3),
(289, 25, '2018-07-19 15:01:44', 1, 5),
(290, 3, '2018-07-20 19:15:52', 1, 3),
(291, 2, '2018-07-20 19:16:33', 1, 3),
(292, 25, '2018-07-20 19:17:08', 1, 5),
(293, 3, '2018-07-21 18:41:42', 1, 3),
(294, 5, '2018-07-21 18:42:29', 1, 3),
(295, 25, '2018-07-21 18:43:14', 1, 5),
(296, 3, '2018-07-22 11:13:35', 1, 3),
(297, 2, '2018-07-22 11:14:12', 1, 3),
(298, 5, '2018-07-22 11:14:48', 1, 3),
(299, 25, '2018-07-22 11:15:33', 1, 5),
(300, 21, '2018-07-22 11:16:23', 1, 5),
(301, 26, '2018-07-22 11:17:29', 1, 5),
(302, 3, '2018-07-23 20:13:35', 1, 3),
(303, 5, '2018-07-23 20:14:20', 1, 3),
(304, 25, '2018-07-23 20:15:11', 1, 5),
(305, 1, '2018-07-24 13:45:11', 1, 1),
(306, 3, '2018-07-24 13:45:49', 1, 3),
(307, 2, '2018-07-24 13:46:26', 1, 3),
(308, 5, '2018-07-24 13:47:11', 1, 3),
(309, 25, '2018-07-24 13:47:55', 1, 5),
(310, 21, '2018-07-24 13:48:36', 1, 5),
(311, 3, '2018-07-25 23:08:19', 1, 3),
(312, 25, '2018-07-25 23:09:18', 1, 5),
(313, 5, '2018-07-25 23:10:12', 1, 3),
(314, 1, '2018-07-25 23:10:59', 1, 1),
(315, 3, '2018-07-26 16:34:38', 1, 3),
(316, 2, '2018-07-26 16:35:15', 1, 3),
(317, 5, '2018-07-26 16:36:17', 1, 3),
(318, 25, '2018-07-26 16:37:03', 1, 5),
(319, 2, '2018-07-30 11:23:02', 1, 3),
(320, 3, '2018-07-30 20:19:05', 1, 3),
(321, 25, '2018-07-30 20:20:07', 1, 5),
(322, 3, '2018-07-31 18:44:40', 1, 3),
(323, 25, '2018-07-31 18:45:39', 1, 5),
(324, 5, '2018-07-31 18:46:31', 1, 3),
(325, 2, '2018-07-31 18:48:22', 1, 3),
(326, 4, '2018-07-31 18:49:13', 1, 3),
(327, 21, '2018-07-31 18:50:16', 1, 5),
(328, 26, '2018-07-31 18:51:00', 1, 5),
(329, 3, '2018-08-01 19:28:49', 1, 3),
(330, 25, '2018-08-01 19:29:33', 1, 5),
(331, 3, '2018-08-02 18:06:21', 1, 3),
(332, 25, '2018-08-02 18:07:01', 1, 5),
(333, 2, '2018-08-03 10:12:35', 1, 3),
(334, 5, '2018-08-03 10:13:19', 1, 3),
(335, 4, '2018-08-03 10:14:17', 1, 3),
(336, 25, '2018-08-03 10:20:06', 1, 5),
(337, 2, '2018-08-04 19:05:25', 1, 3),
(338, 25, '2018-08-04 19:07:11', 1, 5),
(339, 3, '2018-08-05 07:41:41', 1, 3),
(340, 2, '2018-08-05 07:44:21', 1, 3),
(341, 5, '2018-08-05 07:45:28', 1, 3),
(342, 2, '2018-08-05 07:47:09', 1, 3),
(343, 4, '2018-08-05 07:47:46', 1, 3),
(344, 25, '2018-08-05 07:48:53', 1, 5),
(345, 21, '2018-08-05 07:50:29', 1, 5),
(346, 3, '2018-08-06 15:35:01', 1, 3),
(347, 25, '2018-08-06 15:35:44', 1, 5),
(348, 25, '2018-08-08 23:07:14', 1, 5),
(349, 3, '2018-08-08 23:08:05', 1, 3),
(350, 2, '2018-08-08 23:09:16', 1, 3),
(351, 3, '2018-08-09 07:17:44', 1, 3),
(352, 2, '2018-08-09 07:18:37', 1, 3),
(353, 5, '2018-08-09 07:19:13', 1, 3),
(354, 21, '2018-08-09 07:20:19', 1, 5),
(355, 25, '2018-08-09 07:21:06', 1, 5),
(356, 3, '2018-08-10 11:43:24', 1, 3),
(357, 2, '2018-08-10 11:44:01', 1, 3),
(358, 5, '2018-08-10 11:44:31', 1, 3),
(359, 4, '2018-08-10 11:45:05', 1, 3),
(360, 25, '2018-08-10 11:45:51', 1, 5),
(361, 26, '2018-08-10 11:46:25', 1, 5),
(362, 21, '2018-08-10 11:47:07', 1, 5),
(363, 1, '2018-08-10 11:47:36', 1, 1),
(364, 3, '2018-08-11 16:22:49', 1, 3),
(365, 25, '2018-08-11 16:35:52', 1, 5),
(366, 3, '2018-08-12 10:58:57', 1, 3),
(367, 25, '2018-08-12 10:59:53', 1, 5),
(368, 2, '2018-08-13 22:28:47', 1, 3),
(369, 5, '2018-08-13 22:30:02', 1, 3),
(370, 25, '2018-08-13 22:31:03', 1, 5),
(371, 21, '2018-08-13 22:31:50', 1, 5),
(372, 26, '2018-08-13 22:32:38', 1, 5),
(373, 3, '2018-08-14 21:43:49', 1, 3),
(374, 25, '2018-08-14 22:18:08', 1, 5),
(375, 26, '2018-08-15 08:22:54', 1, 5),
(376, 3, '2018-08-15 08:23:29', 1, 3),
(377, 2, '2018-08-15 08:23:56', 1, 3),
(378, 3, '2018-08-16 21:21:50', 1, 3),
(379, 2, '2018-08-16 21:22:40', 1, 3),
(380, 25, '2018-08-16 21:23:27', 1, 5),
(381, 4, '2018-08-17 06:41:01', 1, 3),
(382, 2, '2018-08-17 06:45:46', 1, 3),
(383, 25, '2018-08-17 06:46:31', 1, 5),
(384, 21, '2018-08-17 06:47:53', 1, 5),
(385, 3, '2018-08-18 05:08:18', 1, 3),
(386, 2, '2018-08-18 05:09:13', 1, 3),
(387, 21, '2018-08-18 05:09:42', 1, 5),
(388, 25, '2018-08-18 05:10:13', 1, 5),
(389, 4, '2018-08-19 09:52:06', 1, 3),
(390, 5, '2018-08-19 09:52:56', 1, 3),
(391, 3, '2018-08-19 09:53:53', 1, 3),
(392, 2, '2018-08-19 09:54:35', 1, 3),
(393, 21, '2018-08-19 09:55:31', 1, 5),
(394, 26, '2018-08-19 09:56:18', 1, 5),
(395, 25, '2018-08-19 09:57:52', 1, 5),
(396, 3, '2018-08-20 15:29:21', 1, 3),
(397, 2, '2018-08-20 15:30:03', 1, 3),
(398, 25, '2018-08-20 15:30:39', 1, 5),
(399, 21, '2018-08-20 15:31:20', 1, 5),
(400, 1, '2018-08-20 15:54:50', 1, 1),
(401, 3, '2018-08-22 08:20:24', 1, 3),
(402, 2, '2018-08-22 08:21:13', 1, 3),
(403, 2, '2018-08-22 09:24:57', 1, 3),
(404, 25, '2018-08-22 09:25:53', 1, 5),
(405, 1, '2018-08-22 09:28:16', 1, 1),
(406, 1, '2018-08-23 18:08:32', 1, 1),
(407, 3, '2018-08-23 19:09:42', 1, 3),
(408, 1, '2018-08-24 20:43:31', 1, 1),
(409, 3, '2018-08-24 22:19:09', 1, 3),
(410, 25, '2018-08-24 22:20:12', 1, 5),
(411, 26, '2018-08-24 22:21:04', 1, 5),
(412, 3, '2018-08-25 06:22:30', 1, 3),
(413, 21, '2018-08-25 06:25:15', 1, 5),
(414, 25, '2018-08-25 06:26:51', 1, 5),
(415, 25, '2018-08-25 06:33:14', 1, 5),
(416, 26, '2018-08-25 06:33:54', 1, 5),
(417, 1, '2018-08-25 12:13:54', 1, 1),
(418, 1, '2018-08-25 14:53:03', 1, 1),
(419, 3, '2018-08-26 10:13:36', 1, 3),
(420, 4, '2018-08-26 10:14:20', 1, 3),
(421, 25, '2018-08-26 10:15:32', 1, 5),
(422, 2, '2018-08-26 10:16:54', 1, 3),
(423, 5, '2018-08-26 10:18:10', 1, 3),
(424, 26, '2018-08-26 10:19:23', 1, 5),
(425, 3, '2018-08-27 21:00:18', 1, 3),
(426, 25, '2018-08-27 21:01:05', 1, 5),
(427, 3, '2018-08-28 06:28:21', 1, 3),
(428, 26, '2018-08-28 06:29:08', 1, 5),
(429, 21, '2018-08-28 06:29:47', 1, 5),
(430, 3, '2018-08-29 07:23:13', 1, 3),
(431, 25, '2018-08-29 07:24:02', 1, 5),
(432, 2, '2018-08-29 07:24:43', 1, 3),
(433, 4, '2018-08-29 07:25:22', 1, 3),
(434, 26, '2018-08-29 07:26:00', 1, 5),
(435, 1, '2018-08-29 07:29:13', 1, 1),
(436, 3, '2018-08-30 22:05:28', 1, 3),
(437, 25, '2018-08-30 22:06:28', 1, 5),
(438, 2, '2018-08-30 22:07:09', 1, 3),
(439, 3, '2018-08-31 08:12:05', 1, 3),
(440, 5, '2018-08-31 08:12:47', 1, 3),
(441, 2, '2018-08-31 08:13:51', 1, 3),
(442, 25, '2018-08-31 08:15:02', 1, 5),
(443, 21, '2018-08-31 08:15:50', 1, 5),
(444, 21, '2018-09-01 08:17:50', 1, 5),
(445, 25, '2018-09-01 08:18:42', 1, 5),
(446, 3, '2018-09-01 08:19:30', 1, 3),
(447, 2, '2018-09-01 08:20:19', 1, 3),
(448, 5, '2018-09-01 08:20:56', 1, 3),
(449, 3, '2018-09-02 07:06:39', 1, 3),
(450, 21, '2018-09-02 07:07:23', 1, 5),
(451, 25, '2018-09-02 07:08:00', 1, 5),
(452, 2, '2018-09-02 07:08:34', 1, 3),
(453, 3, '2018-09-03 07:29:44', 1, 3),
(454, 25, '2018-09-03 07:30:31', 1, 5),
(455, 3, '2018-09-04 19:31:08', 1, 3),
(456, 2, '2018-09-04 19:31:52', 1, 3),
(457, 5, '2018-09-04 19:32:31', 1, 3),
(458, 4, '2018-09-04 19:33:20', 1, 3),
(459, 21, '2018-09-04 19:34:10', 1, 5),
(460, 26, '2018-09-04 19:34:48', 1, 5),
(461, 25, '2018-09-04 19:35:28', 1, 5),
(462, 3, '2018-09-05 06:49:52', 1, 3),
(463, 25, '2018-09-05 06:50:36', 1, 5),
(464, 1, '2018-09-05 18:29:05', 1, 1),
(465, 3, '2018-09-06 21:12:20', 1, 3),
(466, 2, '2018-09-06 21:13:08', 1, 3),
(467, 25, '2018-09-06 21:14:57', 1, 5),
(468, 3, '2018-09-07 06:52:30', 1, 3),
(469, 2, '2018-09-07 06:53:02', 1, 3),
(470, 25, '2018-09-07 06:53:51', 1, 5),
(471, 21, '2018-09-07 06:54:29', 1, 5);

-- --------------------------------------------------------

--
-- Table structure for table `usuariosxcomunidad`
--

CREATE TABLE `usuariosxcomunidad` (
  `idusrcmn` int(11) NOT NULL,
  `idusr` int(11) NOT NULL,
  `idcmn` int(11) NOT NULL,
  `nombres` varchar(50) COLLATE utf8_spanish_ci NOT NULL
) ENGINE=InnoDB DEFAULT CHARSET=utf8 COLLATE=utf8_spanish_ci;

--
-- Dumping data for table `usuariosxcomunidad`
--

INSERT INTO `usuariosxcomunidad` (`idusrcmn`, `idusr`, `idcmn`, `nombres`) VALUES
(1, 1, 1, 'Urbano Gomez'),
(2, 2, 3, 'Mauricio Gomez'),
(3, 3, 3, 'Eliecer Gomez'),
(4, 4, 3, 'Javier Martinez'),
(5, 5, 3, 'Nestor Duarte'),
(6, 10, 4, 'Jhodman'),
(7, 11, 4, 'Felipe'),
(8, 12, 4, 'Carlos Jose'),
(9, 20, 5, 'William'),
(10, 21, 5, 'Jorge'),
(11, 22, 5, 'Gustavo'),
(12, 23, 5, 'Augusto'),
(13, 24, 5, 'Milton'),
(14, 25, 5, 'Ronaldo'),
(15, 26, 5, 'Ronald'),
(16, 6, 3, 'Jesus');

--
-- Indexes for dumped tables
--

--
-- Indexes for table `comunidades`
--
ALTER TABLE `comunidades`
  ADD PRIMARY KEY (`cmnId`);

--
-- Indexes for table `preguntas`
--
ALTER TABLE `preguntas`
  ADD PRIMARY KEY (`prgid`),
  ADD UNIQUE KEY `prgid` (`prgid`);

--
-- Indexes for table `pruebas`
--
ALTER TABLE `pruebas`
  ADD PRIMARY KEY (`idprueba`);

--
-- Indexes for table `respuestas`
--
ALTER TABLE `respuestas`
  ADD PRIMARY KEY (`rspid`);

--
-- Indexes for table `secciones`
--
ALTER TABLE `secciones`
  ADD PRIMARY KEY (`sccid`);

--
-- Indexes for table `usos`
--
ALTER TABLE `usos`
  ADD PRIMARY KEY (`usoId`),
  ADD UNIQUE KEY `usoId` (`usoId`);

--
-- Indexes for table `usuariosxcomunidad`
--
ALTER TABLE `usuariosxcomunidad`
  ADD PRIMARY KEY (`idusrcmn`);

--
-- AUTO_INCREMENT for dumped tables
--

--
-- AUTO_INCREMENT for table `comunidades`
--
ALTER TABLE `comunidades`
  MODIFY `cmnId` int(11) NOT NULL AUTO_INCREMENT, AUTO_INCREMENT=6;
--
-- AUTO_INCREMENT for table `preguntas`
--
ALTER TABLE `preguntas`
  MODIFY `prgid` int(11) NOT NULL AUTO_INCREMENT, AUTO_INCREMENT=9;
--
-- AUTO_INCREMENT for table `pruebas`
--
ALTER TABLE `pruebas`
  MODIFY `idprueba` int(1) NOT NULL AUTO_INCREMENT, AUTO_INCREMENT=36;
--
-- AUTO_INCREMENT for table `respuestas`
--
ALTER TABLE `respuestas`
  MODIFY `rspid` int(11) NOT NULL AUTO_INCREMENT, AUTO_INCREMENT=9;
--
-- AUTO_INCREMENT for table `secciones`
--
ALTER TABLE `secciones`
  MODIFY `sccid` int(1) NOT NULL AUTO_INCREMENT, AUTO_INCREMENT=7;
--
-- AUTO_INCREMENT for table `usos`
--
ALTER TABLE `usos`
  MODIFY `usoId` int(11) NOT NULL AUTO_INCREMENT, AUTO_INCREMENT=472;
--
-- AUTO_INCREMENT for table `usuariosxcomunidad`
--
ALTER TABLE `usuariosxcomunidad`
  MODIFY `idusrcmn` int(11) NOT NULL AUTO_INCREMENT, AUTO_INCREMENT=17;COMMIT;

/*!40101 SET CHARACTER_SET_CLIENT=@OLD_CHARACTER_SET_CLIENT */;
/*!40101 SET CHARACTER_SET_RESULTS=@OLD_CHARACTER_SET_RESULTS */;
/*!40101 SET COLLATION_CONNECTION=@OLD_COLLATION_CONNECTION */;
